[
  {
    "id": "804d697c-0364-4c1f-a996-b41f29227cd7",
    "data": [
      {
        "text": "what is woodchuck",
        "userDefined": false
      }
    ],
    "isTemplate": false,
    "count": 0,
    "updated": 0
  },
  {
    "id": "f74231f0-0510-4f64-8212-3af0edcffb45",
    "data": [
      {
        "text": "how to cross the road",
        "userDefined": false
      }
    ],
    "isTemplate": false,
    "count": 0,
    "updated": 0
  },
  {
    "id": "6f970f71-bda6-4d36-bb30-b577ad081636",
    "data": [
      {
        "text": "show me the meaning of love",
        "userDefined": false
      }
    ],
    "isTemplate": false,
    "count": 0,
    "updated": 0
  },
  {
    "id": "27836694-22c6-43e7-851c-15c70088eb67",
    "data": [
      {
        "text": "can you tell me the life quality rating of Canada",
        "userDefined": false
      }
    ],
    "isTemplate": false,
    "count": 0,
    "updated": 0
  },
  {
    "id": "4820e452-e6f0-467b-b8bf-ef0b5714ac62",
    "data": [
      {
        "text": "what sound does an airplane make",
        "userDefined": false
      }
    ],
    "isTemplate": false,
    "count": 0,
    "updated": 0
  },
  {
    "id": "e0798100-7ae5-4bc7-ac42-442e2a6a612b",
    "data": [
      {
        "text": "fox doesn\u0027t say",
        "userDefined": false
      }
    ],
    "isTemplate": false,
    "count": 0,
    "updated": 0
  }
]