[
  {
    "id": "917b4c6b-e31c-4585-80d1-f60ac99b2f89",
    "data": [
      {
        "text": "I\u0027m not going to wait for you",
        "userDefined": false
      }
    ],
    "isTemplate": false,
    "count": 0,
    "updated": 0
  },
  {
    "id": "2b62e266-6fab-4a6c-abda-6143c98151cc",
    "data": [
      {
        "text": "I don\u0027t want to talk about hobbies",
        "userDefined": false
      }
    ],
    "isTemplate": false,
    "count": 0,
    "updated": 0
  },
  {
    "id": "447e8f90-433d-4ccc-939d-925086c73895",
    "data": [
      {
        "text": "I love spring",
        "userDefined": false
      }
    ],
    "isTemplate": false,
    "count": 0,
    "updated": 0
  },
  {
    "id": "e1298e59-730a-4f36-96bc-1e93077ea26e",
    "data": [
      {
        "text": "the weather if beautiful",
        "userDefined": false
      }
    ],
    "isTemplate": false,
    "count": 0,
    "updated": 0
  },
  {
    "id": "b4acd1c8-ee5a-4a52-aecc-24ab5a68573d",
    "data": [
      {
        "text": "I didn\u0027t say I\u0027m sad",
        "userDefined": false
      }
    ],
    "isTemplate": false,
    "count": 0,
    "updated": 0
  },
  {
    "id": "a62fc2b0-5936-45ef-8de4-bea2e652f16b",
    "data": [
      {
        "text": "I\u0027m not interested in your age",
        "userDefined": false
      }
    ],
    "isTemplate": false,
    "count": 0,
    "updated": 0
  }
]