[
  {
    "id": "5b55105f-a691-44fd-97ce-7c0cd3286d03",
    "data": [
      {
        "text": "do you know what does the fox say",
        "userDefined": false
      }
    ],
    "isTemplate": false,
    "count": 1,
    "updated": 0
  },
  {
    "id": "a9adcbe7-dcc4-4316-ba84-e9a8325560c5",
    "data": [
      {
        "text": "can you answer me what does the fox say",
        "userDefined": false
      }
    ],
    "isTemplate": false,
    "count": 0,
    "updated": 0
  },
  {
    "id": "9e81bda6-3b13-467d-b12e-d256c62dc798",
    "data": [
      {
        "text": "what sounds does a fox make",
        "userDefined": false
      }
    ],
    "isTemplate": false,
    "count": 0,
    "updated": 0
  },
  {
    "id": "f8763aef-5f1e-4ba4-801b-1f905354b2b7",
    "data": [
      {
        "text": "find out what sound does a fox make",
        "userDefined": false
      }
    ],
    "isTemplate": false,
    "count": 0,
    "updated": 0
  },
  {
    "id": "dcf728e6-ce0f-4691-a596-6c1a991c35c5",
    "data": [
      {
        "text": "fox says",
        "userDefined": false
      }
    ],
    "isTemplate": false,
    "count": 0,
    "updated": 0
  },
  {
    "id": "db5453b9-fda5-4f53-80f7-33045ac54695",
    "data": [
      {
        "text": "do you have an idea what does the fox say",
        "userDefined": false
      }
    ],
    "isTemplate": false,
    "count": 0,
    "updated": 0
  },
  {
    "id": "70d9bc16-9cc5-4663-b23d-af116683a8f7",
    "data": [
      {
        "text": "what does the fox say",
        "userDefined": false
      }
    ],
    "isTemplate": false,
    "count": 0,
    "updated": 0
  },
  {
    "id": "ff0d0737-f53f-418c-b7aa-8ba8721800fe",
    "data": [
      {
        "text": "what sound does a fox make",
        "userDefined": false
      }
    ],
    "isTemplate": false,
    "count": 1,
    "updated": 0
  },
  {
    "id": "06692fa3-4764-47de-a41f-377d5c1f13b5",
    "data": [
      {
        "text": "can you tell me what does the fox say",
        "userDefined": false
      }
    ],
    "isTemplate": false,
    "count": 0,
    "updated": 0
  },
  {
    "id": "fdbc0cae-a0db-456b-8e6f-168fb7fc53b4",
    "data": [
      {
        "text": "can you show me what does the ",
        "userDefined": false
      },
      {
        "text": "fox say",
        "meta": "@sys.ignore",
        "userDefined": false
      }
    ],
    "isTemplate": false,
    "count": 0,
    "updated": 0
  }
]