[
  {
    "id": "558fb147-4390-40e0-a9d8-a9c3db918700",
    "data": [
      {
        "text": "please tell how much could a woodchuck chuck if a woodchuck could chuck ",
        "userDefined": false
      },
      {
        "text": "wood",
        "meta": "@sys.ignore",
        "userDefined": true
      }
    ],
    "isTemplate": false,
    "count": 0,
    "updated": 0
  },
  {
    "id": "d71b3997-008f-4a5e-91d9-f33eec886922",
    "data": [
      {
        "text": "find out how much ",
        "userDefined": false
      },
      {
        "text": "wood",
        "meta": "@sys.ignore",
        "userDefined": false
      },
      {
        "text": " would a woodchuck chuck",
        "userDefined": false
      }
    ],
    "isTemplate": false,
    "count": 1,
    "updated": 0
  },
  {
    "id": "acc2aa73-3f7f-4fbd-b800-0c2a85cef4cb",
    "data": [
      {
        "text": "how ",
        "userDefined": false
      },
      {
        "text": "many",
        "meta": "@sys.ignore",
        "userDefined": false
      },
      {
        "text": " chucks would a woodchuck chuck if a woodchuck could chuck ",
        "userDefined": false
      },
      {
        "text": "wood",
        "meta": "@sys.ignore",
        "userDefined": false
      }
    ],
    "isTemplate": false,
    "count": 0,
    "updated": 0
  },
  {
    "id": "30f9880b-8636-45f5-a6ce-cdb4563fe416",
    "data": [
      {
        "text": "how much ",
        "userDefined": false
      },
      {
        "text": "wood",
        "meta": "@sys.ignore",
        "userDefined": true
      },
      {
        "text": " does woodchuck chuck",
        "userDefined": false
      }
    ],
    "isTemplate": false,
    "count": 0,
    "updated": 0
  },
  {
    "id": "d387119b-c892-4eb9-a094-68a7e22922f9",
    "data": [
      {
        "text": "how much chuck could a woodchuck chuck if a woodchuck could chuck ",
        "userDefined": false
      },
      {
        "text": "wood",
        "meta": "@sys.ignore",
        "userDefined": true
      }
    ],
    "isTemplate": false,
    "count": 0,
    "updated": 0
  },
  {
    "id": "30d6c263-278c-42b1-902a-668e568bebb7",
    "data": [
      {
        "text": "can you say how ",
        "userDefined": false
      },
      {
        "text": "many",
        "meta": "@sys.ignore",
        "userDefined": true
      },
      {
        "text": " ",
        "userDefined": false
      },
      {
        "text": "wood",
        "meta": "@sys.ignore",
        "userDefined": true
      },
      {
        "text": " could a woodchuck chuck",
        "userDefined": false
      }
    ],
    "isTemplate": false,
    "count": 0,
    "updated": 0
  },
  {
    "id": "96fa7a94-fa57-459a-b614-9fdbd25e4274",
    "data": [
      {
        "text": "do you know how much ",
        "userDefined": false
      },
      {
        "text": "wood",
        "meta": "@sys.ignore",
        "userDefined": false
      },
      {
        "text": " would a woodchuck chuck",
        "userDefined": false
      }
    ],
    "isTemplate": false,
    "count": 0,
    "updated": 0
  },
  {
    "id": "8e4631ff-4b1e-4d0d-bf75-a560af35ec91",
    "data": [
      {
        "text": "how ",
        "userDefined": false
      },
      {
        "text": "many",
        "meta": "@sys.ignore",
        "userDefined": false
      },
      {
        "text": " chucks would a woodchuck chuck",
        "userDefined": false
      }
    ],
    "isTemplate": false,
    "count": 0,
    "updated": 0
  },
  {
    "id": "082c5790-c3fd-4df4-b82e-a6a65077bce8",
    "data": [
      {
        "text": "tell me how ",
        "userDefined": false
      },
      {
        "text": "many",
        "meta": "@sys.ignore",
        "userDefined": false
      },
      {
        "text": " times would a woodchuck chuck ",
        "userDefined": false
      },
      {
        "text": "wood",
        "meta": "@sys.ignore",
        "userDefined": false
      },
      {
        "text": " if a woodchuck would chuck ",
        "userDefined": false
      },
      {
        "text": "wood",
        "meta": "@sys.ignore",
        "userDefined": false
      }
    ],
    "isTemplate": false,
    "count": 0,
    "updated": 0
  }
]