[
  {
    "id": "51ab9763-17e3-41cb-847f-20f3efb8b04a",
    "data": [
      {
        "text": "hu r u",
        "userDefined": false
      }
    ],
    "isTemplate": false,
    "count": 0,
    "updated": 0
  },
  {
    "id": "f87dbd69-d65b-47d1-a930-b256f41daa06",
    "data": [
      {
        "text": "who r u",
        "userDefined": false
      }
    ],
    "isTemplate": false,
    "count": 0,
    "updated": 0
  },
  {
    "id": "9bf252db-cbbc-484a-8462-6e7155e59deb",
    "data": [
      {
        "text": "What is your name?",
        "userDefined": false
      }
    ],
    "isTemplate": false,
    "count": 0,
    "updated": 0
  },
  {
    "id": "8a8db603-2862-4b58-883a-6f101c6519ca",
    "data": [
      {
        "text": "Do you have a name?",
        "userDefined": false
      }
    ],
    "isTemplate": false,
    "count": 0,
    "updated": 0
  },
  {
    "id": "15235d2e-7db5-478b-a079-3844ae99aaff",
    "data": [
      {
        "text": "What are you called?",
        "userDefined": false
      }
    ],
    "isTemplate": false,
    "count": 0,
    "updated": 0
  },
  {
    "id": "d5f28e71-d9a6-4a4c-996b-f6040403c3a8",
    "data": [
      {
        "text": "What do I call you?",
        "userDefined": false
      }
    ],
    "isTemplate": false,
    "count": 0,
    "updated": 0
  },
  {
    "id": "0e15802f-a9f8-44b4-b056-926d3f3c9eac",
    "data": [
      {
        "text": "What\u0027s your name?",
        "userDefined": false
      }
    ],
    "isTemplate": false,
    "count": 0,
    "updated": 0
  }
]