[
  {
    "id": "a3fc9921-e779-4a61-a271-0df6252f763d",
    "data": [
      {
        "text": "great",
        "meta": "@sys.ignore",
        "userDefined": false
      },
      {
        "text": " ",
        "userDefined": false
      },
      {
        "text": "work",
        "meta": "@sys.ignore",
        "userDefined": false
      }
    ],
    "isTemplate": false,
    "count": 0,
    "updated": 0
  },
  {
    "id": "aeee8937-242a-4cda-be0b-53a67e829cd0",
    "data": [
      {
        "text": "bravo",
        "userDefined": false
      }
    ],
    "isTemplate": false,
    "count": 0,
    "updated": 0
  },
  {
    "id": "948da29e-0503-4285-8ee4-8dd5558e0f5b",
    "data": [
      {
        "text": "way to go",
        "userDefined": false
      }
    ],
    "isTemplate": false,
    "count": 0,
    "updated": 0
  },
  {
    "id": "019178d0-f06e-4aa4-adc0-979a1a7e7ba9",
    "data": [
      {
        "text": "great job",
        "userDefined": false
      }
    ],
    "isTemplate": false,
    "count": 0,
    "updated": 0
  },
  {
    "id": "bf6734c6-4860-41e5-919f-1fcd0cd1906f",
    "data": [
      {
        "text": "good",
        "meta": "@sys.ignore",
        "userDefined": false
      },
      {
        "text": " ",
        "userDefined": false
      },
      {
        "text": "work",
        "meta": "@sys.ignore",
        "userDefined": false
      }
    ],
    "isTemplate": false,
    "count": 0,
    "updated": 0
  },
  {
    "id": "4be47d3f-bd7b-4aa7-8b46-3e9bbd19c77d",
    "data": [
      {
        "text": "amazing ",
        "userDefined": false
      },
      {
        "text": "work",
        "meta": "@sys.ignore",
        "userDefined": false
      }
    ],
    "isTemplate": false,
    "count": 0,
    "updated": 0
  },
  {
    "id": "59ef524a-9097-4126-b4ce-88f6829ea10b",
    "data": [
      {
        "text": "well",
        "meta": "@sys.ignore",
        "userDefined": false
      },
      {
        "text": " done",
        "userDefined": false
      }
    ],
    "isTemplate": false,
    "count": 0,
    "updated": 0
  },
  {
    "id": "7c6a98b9-d1bb-44c4-9fe7-326c375e6053",
    "data": [
      {
        "text": "good job",
        "userDefined": false
      }
    ],
    "isTemplate": false,
    "count": 0,
    "updated": 0
  },
  {
    "id": "df30c31c-cc62-415d-8156-87456c5ea158",
    "data": [
      {
        "text": "nice",
        "meta": "@sys.ignore",
        "userDefined": false
      },
      {
        "text": " ",
        "userDefined": false
      },
      {
        "text": "work",
        "meta": "@sys.ignore",
        "userDefined": false
      }
    ],
    "isTemplate": false,
    "count": 0,
    "updated": 0
  }
]